전극,층,조직위,자극전극거리um,자극전극여부,구간,펄스번호,자극시각ms,기울기uV_per_ms,진폭uV,피크시각ms
0,SLM,1,800.0,0,base,1,200.0,-0.15290260314939313,-0.21441253026326468,204.4
0,SLM,1,800.0,0,base,2,400.0,-0.15265166759491702,-0.21434680620829294,404.40000000000003
0,SLM,1,800.0,0,base,3,600.0,-0.15264153480532758,-0.21434398492177298,604.4
0,SLM,1,800.0,0,post,1,1600.0,-0.03088831901549867,-0.5539323886235552,1605.2
0,SLM,1,800.0,0,post,2,1800.0,-0.033836066722876125,-0.5882078806559248,1805.2
0,SLM,1,800.0,0,post,3,2000.0,-0.03534223352159127,-0.6132504542668658,2005.2
0,SLM,1,800.0,0,post,4,2200.0,-0.03643487180981086,-0.6310519377390547,2205.2000000000003
1,SLM,1,600.0,0,base,1,200.0,-0.3021883964538693,-0.29663270711898804,204.4
1,SLM,1,600.0,0,base,2,400.0,-0.3016734123231158,-0.2951602339744568,404.40000000000003
1,SLM,1,600.0,0,base,3,600.0,-0.301645994186403,-0.2950930992762246,604.4
1,SLM,1,600.0,0,post,1,1600.0,-0.044444629124248965,-0.5809099872907004,1605.2
1,SLM,1,600.0,0,post,2,1800.0,-0.045497460024700925,-0.5919384161631265,1805.2
1,SLM,1,600.0,0,post,3,2000.0,-0.04569263685317976,-0.5995572209358215,2005.2
1,SLM,1,600.0,0,post,4,2200.0,-0.04572998909725313,-0.6045369505882263,2205.2000000000003
2,SR,1,400.0,0,base,1,200.0,-0.40222287178041133,-0.36411052942276,204.8
2,SR,1,400.0,0,base,2,400.0,-0.4010763764382974,-0.36324140429496765,406.0
2,SR,1,400.0,0,base,3,600.0,-0.401003360748293,-0.3632125357786815,606.0
2,SR,1,400.0,0,post,1,1600.0,-0.05907819736114969,-0.8912402590115864,1608.4
2,SR,1,400.0,0,post,2,1800.0,-0.05970823690987524,-0.8894546627998352,1808.4
2,SR,1,400.0,0,post,3,2000.0,-0.06220206018572356,-0.8885359565416973,2008.4
2,SR,1,400.0,0,post,4,2200.0,-0.06275626343469815,-0.8040060897668202,2208.4
3,SR,1,200.0,0,base,1,200.0,-1.4197277419621026,-2.8392694294452667,202.0
3,SR,1,200.0,0,base,2,400.0,-1.4116040163134698,-2.8219235291083655,402.0
3,SR,1,200.0,0,base,3,600.0,-1.4116129272078592,-2.8219355990489325,602.0
3,SR,1,200.0,0,post,1,1600.0,-2.4242761343464942,-3.8776866495609283,1601.6000000000001
3,SR,1,200.0,0,post,2,1800.0,-2.4063782006361394,-3.8464001019795737,1801.6000000000001
3,SR,1,200.0,0,post,3,2000.0,-2.4035760745282913,-3.8417005439599357,2001.6000000000001
3,SR,1,200.0,0,post,4,2200.0,-2.40324016510263,-3.841150090098381,2201.6
4,SR,1,0.0,1,base,1,200.0,-0.16922531026238222,-1.2181983838478723,207.20000000000002
4,SR,1,0.0,1,base,2,400.0,-0.16772537593366293,-1.2066563069820404,407.20000000000005
4,SR,1,0.0,1,base,3,600.0,-0.167620960185823,-1.205870971083641,607.2
4,SR,1,0.0,1,post,1,1600.0,-0.19790095387661039,-2.7392987410227456,1608.4
4,SR,1,0.0,1,post,2,1800.0,-0.1987601917379486,-2.7094322741031647,1808.4
4,SR,1,0.0,1,post,3,2000.0,-0.20675518379863927,-2.7405424813429513,2008.4
4,SR,1,0.0,1,post,4,2200.0,-0.2081380836027178,-2.5146138072013855,2208.4
5,SP,1,200.0,0,base,1,200.0,-0.02952043482047603,-0.3515302961071332,228.8
5,SP,1,200.0,0,base,2,400.0,-0.028683232764403047,-0.35154204815626144,429.20000000000005
5,SP,1,200.0,0,base,3,600.0,-0.028656059328246827,-0.3512711375951767,629.2
5,SP,1,200.0,0,post,1,1600.0,-0.09468562398357137,-0.7443681011597316,1608.4
5,SP,1,200.0,0,post,2,1800.0,-0.09478935654208533,-0.7334660142660141,1808.4
5,SP,1,200.0,0,post,3,2000.0,-0.09797394937877209,-0.7512738530834515,2008.4
5,SP,1,200.0,0,post,4,2200.0,-0.09858359242484749,-0.6781486595670383,2208.4
6,SP,1,400.0,0,base,1,200.0,0.0,0.00011632591485977173,200.0
6,SP,1,400.0,0,base,2,400.0,-7.912516584042348e-05,-0.0002763246496518268,400.8
6,SP,1,400.0,0,base,3,600.0,-8.378177870767408e-05,-0.0002913624048233032,600.8000000000001
6,SP,1,400.0,0,post,1,1600.0,-4.779547446951115e-05,-0.00016912569602328675,1600.8000000000002
6,SP,1,400.0,0,post,2,1800.0,-6.455928079163119e-05,-0.00020694235960644347,1800.8000000000002
6,SP,1,400.0,0,post,3,2000.0,-5.796551697159731e-05,-0.0001847123106320514,2000.8000000000002
6,SP,1,400.0,0,post,4,2200.0,-5.844980470979189e-05,-0.00018654018640518188,2200.8
7,SO,1,600.0,0,base,1,200.0,0.0,5.3667773803084406e-05,200.0
7,SO,1,600.0,0,base,2,400.0,-7.433816781288373e-05,-0.00026063372691473297,400.8
7,SO,1,600.0,0,base,3,600.0,-7.800757875227636e-05,-0.00027288123965263367,600.8000000000001
7,SO,1,600.0,0,post,1,1600.0,-7.061287751906343e-05,-0.0002470264832178659,1600.8000000000002
7,SO,1,600.0,0,post,2,1800.0,-0.00016754493096385534,-0.0005888156592845917,1800.8000000000002
7,SO,1,600.0,0,post,3,2000.0,-0.00017056241610183693,-0.0006001864870389395,2000.8000000000002
7,SO,1,600.0,0,post,4,2200.0,-0.00017097219803415543,-0.0006017126142978668,2200.8
8,SLM,1,824.6,0,base,1,200.0,-0.14479637145998106,-0.29828683535258005,204.4
8,SLM,1,824.6,0,base,2,400.0,-0.14443874359130335,-0.2979092597961426,404.40000000000003
8,SLM,1,824.6,0,base,3,600.0,-0.14442563056952026,-0.29788756370544434,604.4
8,SLM,1,824.6,0,post,1,1600.0,-0.11970935549054476,-0.5057465235392256,1604.4
8,SLM,1,824.6,0,post,2,1800.0,-0.11900418145315128,-0.512391209602356,1804.4
8,SLM,1,824.6,0,post,3,2000.0,-0.11892918178014401,-0.517411470413208,2004.4
8,SLM,1,824.6,0,post,4,2200.0,-0.11892277853828027,-0.5181782245635986,2204.4
9,SR,1,632.5,0,base,1,200.0,-0.22948741912845,-0.48941979805628444,204.4
9,SR,1,632.5,0,base,2,400.0,-0.2287101745605385,-0.4879218737284341,404.40000000000003
9,SR,1,632.5,0,base,3,600.0,-0.22868037223825768,-0.48784810304641724,604.4
9,SR,1,632.5,0,post,1,1600.0,-0.17864220482962737,-0.8228084842363992,1604.4
9,SR,1,632.5,0,post,2,1800.0,-0.17761153834206334,-0.820936600367228,1804.4
9,SR,1,632.5,0,post,3,2000.0,-0.1774736302239735,-0.8193882902463279,2004.4
9,SR,1,632.5,0,post,4,2200.0,-0.17746383803228746,-0.8132772843043008,2204.4
10,SR,1,447.2,0,base,1,200.0,-0.26448047161102745,-0.5942404468854268,206.0
10,SR,1,447.2,0,base,2,400.0,-0.2635509073734091,-0.596979667743047,406.0
10,SR,1,447.2,0,base,3,600.0,-0.2635117173195273,-0.5969786643981934,606.0
10,SR,1,447.2,0,post,1,1600.0,-0.12652374804019378,-1.2270533541838329,1604.4
10,SR,1,447.2,0,post,2,1800.0,-0.1273531573159133,-1.2289129495620728,1804.4
10,SR,1,447.2,0,post,3,2000.0,-0.08201768308477818,-1.228173941373825,2008.4
10,SR,1,447.2,0,post,4,2200.0,-0.12814145003043997,-1.209266980489095,2204.4
11,SR,1,282.8,0,base,1,200.0,-0.091659486293778,-0.30145307878653205,206.8
11,SR,1,282.8,0,base,2,400.0,-0.09673543274401704,-0.297277569770813,406.8
11,SR,1,282.8,0,base,3,600.0,-0.09690873324872278,-0.296923965215683,606.8000000000001
11,SR,1,282.8,0,post,1,1600.0,-0.09357650984418635,-1.8240021169185638,1608.4
11,SR,1,282.8,0,post,2,1800.0,-0.09520312872800887,-1.8240522046883902,1808.4
11,SR,1,282.8,0,post,3,2000.0,-0.09133157675918824,-1.8892108549674353,2008.4
11,SR,1,282.8,0,post,4,2200.0,-0.09768139503213723,-1.8858007540305457,2208.4
12,SP,1,200.0,0,base,1,200.0,-0.5182869133742031,-1.036327416698138,202.0
12,SP,1,200.0,0,base,2,400.0,-0.5242362615825169,-1.048906999329726,402.0
12,SP,1,200.0,0,base,3,600.0,-0.5245475021362171,-1.0495607480406761,602.0
12,SP,1,200.0,0,post,1,1600.0,0.062025160500536095,-2.787776959439119,1606.0
12,SP,1,200.0,0,post,2,1800.0,0.04848283393820835,-2.849921906987826,1806.0
12,SP,1,200.0,0,post,3,2000.0,0.053136074633334765,-2.853281185030937,2006.0
12,SP,1,200.0,0,post,4,2200.0,-0.19167513047392318,-2.857774056494236,2208.4
13,SP,1,282.8,0,base,1,200.0,0.0,0.00019940982262295348,200.0
13,SP,1,282.8,0,base,2,400.0,-0.000597648321835176,-0.0020924756924311505,400.8
13,SP,1,282.8,0,base,3,600.0,-0.0006233155719594499,-0.00217734525601071,600.8000000000001
13,SP,1,282.8,0,post,1,1600.0,-0.0005574896924678365,-0.0019507979353268756,1600.8000000000002
13,SP,1,282.8,0,post,2,1800.0,-0.0014838576298281901,-0.005248020092646299,1800.8000000000002
13,SP,1,282.8,0,post,3,2000.0,-0.0015266239624010653,-0.005403280258178711,2000.8000000000002
13,SP,1,282.8,0,post,4,2200.0,-0.0015303492526948699,-0.005416532357533754,2200.8
14,SO,1,447.2,0,base,1,200.0,0.0,0.00012880812088650329,200.0
14,SO,1,447.2,0,base,2,400.0,-0.0003200396891408089,-0.001123386124769865,400.8
14,SO,1,447.2,0,base,3,600.0,-0.0003344938154807495,-0.001171886920928955,600.8000000000001
14,SO,1,447.2,0,post,1,1600.0,-0.00032961368519581814,-0.001150545974572481,1600.8000000000002
14,SO,1,447.2,0,post,2,1800.0,-0.0008626282204333594,-0.003062119086583437,1800.8000000000002
14,SO,1,447.2,0,post,3,2000.0,-0.0008903071273163265,-0.0031626870234807147,2000.8000000000002
14,SO,1,447.2,0,post,4,2200.0,-0.0008920952666573526,-0.003169029951095581,2200.8
15,SO,1,632.5,0,base,1,200.0,0.0,4.368772109350494e-05,200.0
15,SO,1,632.5,0,base,2,400.0,-0.0001481175420816967,-0.0005202057460943765,400.8
15,SO,1,632.5,0,base,3,600.0,-0.00015454366783849974,-0.0005420135955015726,600.8000000000001
15,SO,1,632.5,0,post,1,1600.0,-0.00016378238776711284,-0.0005711590250333243,1600.8000000000002
15,SO,1,632.5,0,post,2,1800.0,-0.0004342757160002543,-0.0015447636445363455,1800.8000000000002
15,SO,1,632.5,0,post,3,2000.0,-0.0004493817681416313,-0.001599431037902832,2000.8000000000002
15,SO,1,632.5,0,post,4,2200.0,-0.0004501827055547993,-0.0016023454566796713,2200.8
16,SLM,1,894.4,0,base,1,200.0,-0.1864290237427019,-0.36617761850357056,204.4
16,SLM,1,894.4,0,base,2,400.0,-0.18596112728118225,-0.3648022810618081,404.40000000000003
16,SLM,1,894.4,0,base,3,600.0,-0.18594145774849313,-0.36472932497660304,604.4
16,SLM,1,894.4,0,post,1,1600.0,-0.5459135770790953,-0.5295167565345764,1603.6000000000001
16,SLM,1,894.4,0,post,2,1800.0,-0.5444246530528036,-0.5256850123405457,1803.6000000000001
16,SLM,1,894.4,0,post,3,2000.0,-0.5443394184113423,-0.5245844125747681,2003.6000000000001
16,SLM,1,894.4,0,post,4,2200.0,-0.5443000793480447,-0.5235710144042969,2203.6
17,SR,1,721.1,0,base,1,200.0,-0.3868541121483391,-0.7817109227180481,204.4
17,SR,1,721.1,0,base,2,400.0,-0.3860631585121013,-0.7803254922231038,404.40000000000003
17,SR,1,721.1,0,base,3,600.0,-0.3860318660737748,-0.7802530725797017,604.4
17,SR,1,721.1,0,post,1,1600.0,-1.1230206489549048,-1.1360694666703541,1603.6000000000001
17,SR,1,721.1,0,post,2,1800.0,-1.1198481917371415,-1.1303107837835948,1803.6000000000001
17,SR,1,721.1,0,post,3,2000.0,-1.1196926236154447,-1.1293326417605083,2003.6000000000001
17,SR,1,721.1,0,post,4,2200.0,-1.1195993423510084,-1.1282812654972076,2203.6
18,SR,1,565.7,0,base,1,200.0,-0.7670617997646435,-2.089500973622004,205.20000000000002
18,SR,1,565.7,0,base,2,400.0,-0.7660816609859131,-2.094181537628174,405.20000000000005
18,SR,1,565.7,0,base,3,600.0,-0.7660466730595482,-2.094268669684728,605.2
18,SR,1,565.7,0,post,1,1600.0,-1.3374875485899342,-2.8722038318713508,1604.4
18,SR,1,565.7,0,post,2,1800.0,-1.3278448581702804,-2.8433626145124435,1804.4
18,SR,1,565.7,0,post,3,2000.0,-1.3266593217859632,-2.833119347691536,2004.4
18,SR,1,565.7,0,post,4,2200.0,-1.3261085748668011,-2.818765953183174,2204.4
19,SP,1,447.2,0,base,1,200.0,-3.098878860474065,-4.6815365254879,203.60000000000002
19,SP,1,447.2,0,base,2,400.0,-3.1054753065108134,-4.686983056366444,403.6
19,SP,1,447.2,0,base,3,600.0,-3.105721473695185,-4.687233989437421,603.6
19,SP,1,447.2,0,post,1,1600.0,-1.968970074702661,-7.087649376442035,1603.6000000000001
19,SP,1,447.2,0,post,2,1800.0,-1.964738049722921,-7.070806000381708,1803.6000000000001
19,SP,1,447.2,0,post,3,2000.0,-1.9627946320021363,-7.063797780623038,2003.6000000000001
19,SP,1,447.2,0,post,4,2200.0,-1.961125983415391,-7.057748597115278,2203.6
20,SP,1,400.0,0,base,1,200.0,-9.857118117408687e-05,-0.0003429384281237874,200.8
20,SP,1,400.0,0,base,2,400.0,-0.0007011368861970858,-0.002449036886294692,400.8
20,SP,1,400.0,0,base,3,600.0,-0.000725034623431795,-0.0025317780673503876,600.8000000000001
20,SP,1,400.0,0,post,1,1600.0,-0.0007848627855501914,-0.0027380535999933786,1600.8000000000002
20,SP,1,400.0,0,post,2,1800.0,-0.0019482336914023845,-0.006897818297147751,1800.8000000000002
20,SP,1,400.0,0,post,3,2000.0,-0.0020194798682713947,-0.007151557753483445,2000.8000000000002
20,SP,1,400.0,0,post,4,2200.0,-0.002019852397300775,-0.007151945183674485,2200.8
21,SO,1,447.2,0,base,1,200.0,-7.922761132350312e-05,-0.0002750611553589549,200.8
21,SO,1,447.2,0,base,2,400.0,-0.0007998850186601284,-0.0027985634903113094,400.8
21,SO,1,447.2,0,base,3,600.0,-0.0008245650668565296,-0.002881380418936416,600.8000000000001
21,SO,1,447.2,0,post,1,1600.0,-0.0008844025422006464,-0.003084403773148864,1600.8000000000002
21,SO,1,447.2,0,post,2,1800.0,-0.002140086141533314,-0.00760365401705107,1800.8000000000002
21,SO,1,447.2,0,post,3,2000.0,-0.002218279984800269,-0.007883840550978988,2000.8000000000002
21,SO,1,447.2,0,post,4,2200.0,-0.002221520987355879,-0.007894936949014664,2200.8
22,SO,1,565.7,0,base,1,200.0,-6.546266368789273e-05,-0.00022722283999125625,200.8
22,SO,1,565.7,0,base,2,400.0,-0.0003771297628933743,-0.0013235447307427817,400.8
22,SO,1,565.7,0,base,3,600.0,-0.00038940459441143494,-0.0013653362790743417,600.8000000000001
22,SO,1,565.7,0,post,1,1600.0,-0.0004455074662360747,-0.0015518702566623688,1600.8000000000002
22,SO,1,565.7,0,post,2,1800.0,-0.001147501169200586,-0.004092000424861908,1800.8000000000002
22,SO,1,565.7,0,post,3,2000.0,-0.0011924467965953368,-0.004253422220548003,2000.8000000000002
22,SO,1,565.7,0,post,4,2200.0,-0.0011944584533539913,-0.004260469228029251,2200.8
23,SO,1,721.1,0,base,1,200.0,-1.0379590081114873e-05,-3.5468178490795366e-05,200.8
23,SO,1,721.1,0,base,2,400.0,-0.0001721922306054131,-0.0006047791490952151,400.8
23,SO,1,721.1,0,base,3,600.0,-0.000178264453784303,-0.0006255824118852615,600.8000000000001
23,SO,1,721.1,0,post,1,1600.0,-0.00020380597536117444,-0.00070990901440382,1600.8000000000002
23,SO,1,721.1,0,post,2,1800.0,-0.0005426909767756984,-0.0019359046903749295,1800.8000000000002
23,SO,1,721.1,0,post,3,2000.0,-0.0005639553994340209,-0.00201234919950366,2000.8000000000002
23,SO,1,721.1,0,post,4,2200.0,-0.0005648750804753039,-0.002015605258444946,2200.8
