전극,층,조직위,자극전극거리um,자극전극여부,구간,펄스번호,자극시각ms,기울기uV_per_ms,진폭uV,피크시각ms,기울기_교차시각,기울기_옛표본회귀,띠표본수
0,SLM,1,800.0,0,base,1,200.0,-0.1423259237287106,-0.21441253026326468,204.4,-0.1423259237287106,-0.15290260314939313,3
0,SLM,1,800.0,0,base,2,400.0,-0.14227451147062845,-0.21434680620829294,404.40000000000003,-0.14227451147062845,-0.15265166759491702,3
0,SLM,1,800.0,0,base,3,600.0,-0.142277132435468,-0.21434398492177298,604.4,-0.142277132435468,-0.15264153480532758,3
0,SLM,1,800.0,0,post,1,1600.0,-0.14228342377057107,-0.21479626496632864,1604.4,-0.14228342377057107,-0.15282392501825837,3
0,SLM,1,800.0,0,post,2,1800.0,-0.14227350016405796,-0.2143537998199463,1804.4,-0.14227350016405796,-0.152642726898155,3
0,SLM,1,800.0,0,post,3,2000.0,-0.14227575934573478,-0.21434279282887747,2004.4,-0.14227575934573478,-0.15263974666599456,3
0,SLM,1,800.0,0,post,4,2200.0,-0.1422753298632503,-0.21434231599171927,2204.4,-0.1422753298632503,-0.15263974666616537,3
1,SLM,1,600.0,0,base,1,200.0,-0.2089610680831533,-0.29663270711898804,204.4,-0.2089610680831533,-0.3021883964538693,2
1,SLM,1,600.0,0,base,2,400.0,-0.2088890814330657,-0.2951602339744568,404.40000000000003,-0.2088890814330657,-0.3016734123231158,2
1,SLM,1,600.0,0,base,3,600.0,-0.20888767886772733,-0.2950930992762246,604.4,-0.20888767886772733,-0.301645994186403,2
1,SLM,1,600.0,0,post,1,1600.0,-0.20892582757631872,-0.2958811720212302,1604.4,-0.20892582757631872,-0.30180871486626354,2
1,SLM,1,600.0,0,post,2,1800.0,-0.20887933604331616,-0.29510796070098877,1804.4,-0.20887933604331616,-0.30163943767521006,2
1,SLM,1,600.0,0,post,3,2000.0,-0.20888528116600194,-0.2950873176256814,2004.4,-0.20888528116600194,-0.30164182186131555,2
1,SLM,1,600.0,0,post,4,2200.0,-0.2088843510561773,-0.2950861056645713,2204.4,-0.2088843510561773,-0.3016406297696694,2
2,SR,1,400.0,0,base,1,200.0,-0.35520211397055595,-0.36411052942276,204.8,-0.35520211397055595,-0.40222287178041133,2
2,SR,1,400.0,0,base,2,400.0,-0.35269601670220985,-0.36324140429496765,406.0,-0.35269601670220985,-0.4010763764382974,2
2,SR,1,400.0,0,base,3,600.0,-0.35246036119523255,-0.3632125357786815,606.0,-0.35246036119523255,-0.401003360748293,2
2,SR,1,400.0,0,post,1,1600.0,-0.352876872540008,-0.3636335631211598,1606.0,-0.352876872540008,-0.40135562419841536,2
2,SR,1,400.0,0,post,2,1800.0,-0.35233375881532986,-0.36324008305867506,1806.0,-0.35233375881532986,-0.4009985923763554,2
2,SR,1,400.0,0,post,3,2000.0,-0.35244676397764274,-0.36320538322130846,2006.0,-0.35244676397764274,-0.40099292993551966,2
2,SR,1,400.0,0,post,4,2200.0,-0.3524568965063562,-0.36319967110951734,2206.0,-0.3524568965063562,-0.4009890556352701,2
3,SR,1,200.0,0,base,1,200.0,-3.6099560503659447,-2.8392694294452667,202.0,-3.6099560503659447,-1.4197277419621026,1
3,SR,1,200.0,0,base,2,400.0,-3.593700214764905,-2.8219235291083655,402.0,-3.593700214764905,-1.4116040163134698,1
3,SR,1,200.0,0,base,3,600.0,-3.593868377757645,-2.8219355990489325,602.0,-3.593868377757645,-1.4116129272078592,1
3,SR,1,200.0,0,post,1,1600.0,-3.6053118346601813,-2.8341298003991446,1602.0,-3.6053118346601813,-1.4173398904866272,1
3,SR,1,200.0,0,post,2,1800.0,-3.5935842420592166,-2.8217865775028863,1802.0,-3.5935842420592166,-1.4115371697043877,1
3,SR,1,200.0,0,post,3,2000.0,-3.5938385003996265,-2.821908434232076,2002.0,-3.5938385003996265,-1.411599635372081,1
3,SR,1,200.0,0,post,4,2200.0,-3.593843931723202,-2.8219106942415237,2202.0,-3.593843931723202,-1.4116004996394298,1
4,SR,1,0.0,1,base,1,200.0,-1.365201319779482,-1.2181983838478723,207.20000000000002,-1.365201319779482,-0.16922531026238222,1
4,SR,1,0.0,1,base,2,400.0,-1.3561579225744147,-1.2066563069820404,407.20000000000005,-1.3561579225744147,-0.16772537593366293,1
4,SR,1,0.0,1,base,3,600.0,-1.3553996170073654,-1.205870971083641,607.2,-1.3553996170073654,-0.167620960185823,1
4,SR,1,0.0,1,post,1,1600.0,-1.3590922175298243,-1.2109631995360055,1607.2,-1.3590922175298243,-0.16829037829551785,1
4,SR,1,0.0,1,post,2,1800.0,-1.3555715162781223,-1.2060435016949973,1807.2,-1.3555715162781223,-0.167642931120158,1
4,SR,1,0.0,1,post,3,2000.0,-1.3553223843165796,-1.205799107750257,2007.2,-1.3553223843165796,-0.16761115025470508,1
4,SR,1,0.0,1,post,4,2200.0,-1.3552762215191487,-1.2057645320892334,2207.2000000000003,-1.3552762215191487,-0.16760635704784976,1
5,SP,1,200.0,0,base,1,200.0,-0.033278954068517295,-0.3515302961071332,228.8,-0.033278954068517295,-0.02952043482047603,16
5,SP,1,200.0,0,base,2,400.0,-0.03182506269051603,-0.35154204815626144,429.20000000000005,-0.03182506269051603,-0.028683232764403047,17
5,SP,1,200.0,0,base,3,600.0,-0.0317846946526181,-0.3512711375951767,629.2,-0.0317846946526181,-0.028656059328246827,17
5,SP,1,200.0,0,post,1,1600.0,-0.03242410399162564,-0.3512192691365878,1628.8000000000002,-0.03242410399162564,-0.029028294498426754,16
5,SP,1,200.0,0,post,2,1800.0,-0.03180370782595571,-0.35121676822503406,1829.2,-0.03180370782595571,-0.028658500489059643,17
5,SP,1,200.0,0,post,3,2000.0,-0.03178398787959172,-0.35121776660283405,2029.2,-0.03178398787959172,-0.028652784359805335,17
5,SP,1,200.0,0,post,4,2200.0,-0.03178229037290777,-0.3512089600165685,2229.2000000000003,-0.03178229037290777,-0.0286521141727776,17
6,SP,1,400.0,0,base,1,200.0,0.0,0.00011632591485977173,200.0,0.0,0.0,0
6,SP,1,400.0,0,base,2,400.0,-0.001638782647436359,-0.0002763246496518268,400.8,-0.001638782647436359,-7.912516584042348e-05,1
6,SP,1,400.0,0,base,3,600.0,-0.0016800212208657396,-0.0002913624048233032,600.8000000000001,-0.0016800212208657396,-8.378177870767408e-05,1
6,SP,1,400.0,0,post,1,1600.0,-0.0004316341238614137,-7.079293330508607e-05,1600.8000000000002,-0.0004316341238614137,-2.0191073392420142e-05,1
6,SP,1,400.0,0,post,2,1800.0,-0.0016840128241904318,-0.00028547396262484925,1800.8000000000002,-0.0016840128241904318,-8.180737485194581e-05,1
6,SP,1,400.0,0,post,3,2000.0,-0.0016793280643983492,-0.00029160579045611756,2000.8000000000002,-0.0016793280643983492,-8.385628451353826e-05,1
6,SP,1,400.0,0,post,4,2200.0,-0.0016791393514082546,-0.00029182682434719664,2200.8,-0.0016791393514082546,-8.393079031941435e-05,1
7,SO,1,600.0,0,base,1,200.0,0.0,5.3667773803084406e-05,200.0,0.0,0.0,0
7,SO,1,600.0,0,base,2,400.0,-0.0015889226226213876,-0.00026063372691473297,400.8,-0.0015889226226213876,-7.433816781288373e-05,1
7,SO,1,600.0,0,base,3,600.0,-0.0016366642435354244,-0.00027288123965263367,600.8000000000001,-0.0016366642435354244,-7.800757875227636e-05,1
7,SO,1,600.0,0,post,1,1600.0,-0.0006991656026649988,-0.00011805569132170013,1600.8000000000002,-0.0006991656026649988,-3.380700941627542e-05,1
7,SO,1,600.0,0,post,2,1800.0,-0.0016243706162228314,-0.0002683860560258322,1800.8000000000002,-0.0016243706162228314,-7.662922134355762e-05,1
7,SO,1,600.0,0,post,3,2000.0,-0.0016388017259396017,-0.00027320285638174346,2000.8000000000002,-0.0016388017259396017,-7.810071100961039e-05,1
7,SO,1,600.0,0,post,4,2200.0,-0.0016368892835632702,-0.00027334193388620087,2200.8,-0.0016368892835632702,-7.815659036401745e-05,1
8,SLM,1,824.6,0,base,1,200.0,-0.17639209689236698,-0.29828683535258005,204.4,-0.17639209689236698,-0.14479637145998106,2
8,SLM,1,824.6,0,base,2,400.0,-0.17625499118477506,-0.2979092597961426,404.40000000000003,-0.17625499118477506,-0.14443874359130335,2
8,SLM,1,824.6,0,base,3,600.0,-0.17625446608847004,-0.29788756370544434,604.4,-0.17625446608847004,-0.14442563056952026,2
8,SLM,1,824.6,0,post,1,1600.0,-0.176473578026246,-0.29821221033732126,1604.4,-0.176473578026246,-0.1446831226349824,2
8,SLM,1,824.6,0,post,2,1800.0,-0.176261866749459,-0.29788819948832224,1804.4,-0.176261866749459,-0.1444303989411969,2
8,SLM,1,824.6,0,post,3,2000.0,-0.17625426004779965,-0.29788482189178467,2004.4,-0.17625426004779965,-0.14442324638379783,2
8,SLM,1,824.6,0,post,4,2200.0,-0.1762536208962519,-0.2978849013646441,2204.4,-0.1762536208962519,-0.14442324638372842,2
9,SR,1,632.5,0,base,1,200.0,-0.2824975357184574,-0.48941979805628444,204.4,-0.2824975357184574,-0.22948741912845,2
9,SR,1,632.5,0,base,2,400.0,-0.2822302247937563,-0.4879218737284341,404.40000000000003,-0.2822302247937563,-0.2287101745605385,2
9,SR,1,632.5,0,base,3,600.0,-0.28222849794906846,-0.48784810304641724,604.4,-0.28222849794906846,-0.22868037223825768,2
9,SR,1,632.5,0,post,1,1600.0,-0.2825250909922763,-0.48837234576543187,1604.4,-0.2825250909922763,-0.22913515567794562,2
9,SR,1,632.5,0,post,2,1800.0,-0.2822342174093723,-0.4878431955973306,1804.4,-0.2822342174093723,-0.22868633270288516,2
9,SR,1,632.5,0,post,3,2000.0,-0.2822268484295677,-0.48784130811691284,2004.4,-0.2822268484295677,-0.2286773920061275,2
9,SR,1,632.5,0,post,4,2200.0,-0.28222570493054205,-0.48784124851226807,2204.4,-0.28222570493054205,-0.22867739200601758,2
10,SR,1,447.2,0,base,1,200.0,-0.2547827637514548,-0.5942404468854268,206.0,-0.2547827637514548,-0.26448047161102745,4
10,SR,1,447.2,0,base,2,400.0,-0.25125398233688534,-0.596979667743047,406.0,-0.25125398233688534,-0.2635509073734091,4
10,SR,1,447.2,0,base,3,600.0,-0.2511729940755878,-0.5969786643981934,606.0,-0.2511729940755878,-0.2635117173195273,4
10,SR,1,447.2,0,post,1,1600.0,-0.2517347681568513,-0.5968804657459259,1606.0,-0.2517347681568513,-0.2637802362441156,4
10,SR,1,447.2,0,post,2,1800.0,-0.2511442424074249,-0.596984326839447,1806.0,-0.2511442424074249,-0.2634995579717851,4
10,SR,1,447.2,0,post,3,2000.0,-0.2511644677906358,-0.596970687309901,2006.0,-0.2511644677906358,-0.263505339622344,4
10,SR,1,447.2,0,post,4,2200.0,-0.2511661240726757,-0.5969662368297577,2206.0,-0.2511661240726757,-0.2635048925875075,4
11,SR,1,282.8,0,base,1,200.0,-0.11588578339907006,-0.30145307878653205,206.8,-0.11588578339907006,-0.091659486293778,4
11,SR,1,282.8,0,base,2,400.0,-0.11916007412242756,-0.297277569770813,406.8,-0.11916007412242756,-0.09673543274401704,3
11,SR,1,282.8,0,base,3,600.0,-0.11912178280581366,-0.296923965215683,606.8000000000001,-0.11912178280581366,-0.09690873324872278,3
11,SR,1,282.8,0,post,1,1600.0,-0.11969146308507736,-0.29824446638425195,1606.8000000000002,-0.11969146308507736,-0.09634882211691186,3
11,SR,1,282.8,0,post,2,1800.0,-0.11925701275676762,-0.29702711602052057,1806.8000000000002,-0.11925701275676762,-0.0971645861863607,3
11,SR,1,282.8,0,post,3,2000.0,-0.11912400602745754,-0.29689937829971313,2006.8000000000002,-0.11912400602745754,-0.09692579507841241,3
11,SR,1,282.8,0,post,4,2200.0,-0.11911319729198351,-0.2968851625919342,2206.8,-0.11911319729198351,-0.09690478444099117,3
12,SP,1,200.0,0,base,1,200.0,-1.2532882400110372,-1.036327416698138,202.0,-1.2532882400110372,-0.5182869133742031,1
12,SP,1,200.0,0,base,2,400.0,-1.2649644627368881,-1.048906999329726,402.0,-1.2649644627368881,-0.5242362615825169,1
12,SP,1,200.0,0,base,3,600.0,-1.265599930599945,-1.0495607480406761,602.0,-1.265599930599945,-0.5245475021362171,1
12,SP,1,200.0,0,post,1,1600.0,-1.2570909285247192,-1.0402306665976842,1602.0,-1.2570909285247192,-0.5201746967814241,1
12,SP,1,200.0,0,post,2,1800.0,-1.265210081152155,-1.0491510579983394,1802.0,-1.265210081152155,-0.5243526247502215,1
12,SP,1,200.0,0,post,3,2000.0,-1.2656224004623036,-1.0495811725656192,2002.0,-1.2656224004623036,-0.5245575008153732,1
12,SP,1,200.0,0,post,4,2200.0,-1.2656535978237269,-1.0496107985575993,2202.0,-1.2656535978237269,-0.5245720294475299,1
13,SP,1,282.8,0,base,1,200.0,0.0,0.00019940982262295348,200.0,0.0,0.0,0
13,SP,1,282.8,0,base,2,400.0,-0.01263246042745912,-0.0020924756924311505,400.8,-0.01263246042745912,-0.000597648321835176,1
13,SP,1,282.8,0,base,3,600.0,-0.012932614348329052,-0.00217734525601071,600.8000000000001,-0.012932614348329052,-0.0006233155719594499,1
13,SP,1,282.8,0,post,1,1600.0,-0.0054432641338992465,-0.0009138906995455609,1600.8000000000002,-0.0054432641338992465,-0.0002615153786250727,1
13,SP,1,282.8,0,post,2,1800.0,-0.012860622644434033,-0.0021426404515902386,1800.8000000000002,-0.012860622644434033,-0.0006124749772043903,1
13,SP,1,282.8,0,post,3,2000.0,-0.012940966792092223,-0.0021793097257614136,2000.8000000000002,-0.012940966792092223,-0.00062391161840637,1
13,SP,1,282.8,0,post,4,2200.0,-0.012937894165250773,-0.0021801864107449664,2200.8,-0.012937894165250773,-0.0006242096416298744,1
14,SO,1,447.2,0,base,1,200.0,0.0,0.00012880812088650329,200.0,0.0,0.0,0
14,SO,1,447.2,0,base,2,400.0,-0.006907957101812609,-0.001123386124769865,400.8,-0.006907957101812609,-0.0003200396891408089,1
14,SO,1,447.2,0,base,3,600.0,-0.007107968355407512,-0.001171886920928955,600.8000000000001,-0.007107968355407512,-0.0003344938154807495,1
14,SO,1,447.2,0,post,1,1600.0,-0.0033318773507089268,-0.0005672474702199115,1600.8000000000002,-0.0033318773507089268,-0.00016264617422750248,1
14,SO,1,447.2,0,post,2,1800.0,-0.007056494278102962,-0.0011550411581993103,1800.8000000000002,-0.007056494278102962,-0.0003293529148752518,1
14,SO,1,447.2,0,post,3,2000.0,-0.0071132867434370835,-0.001173466444015503,2000.8000000000002,-0.0071132867434370835,-0.00033497810321889653,1
14,SO,1,447.2,0,post,4,2200.0,-0.007112604430361555,-0.0011738116542498456,2200.8,-0.007112604430361555,-0.0003350898619277107,1
15,SO,1,632.5,0,base,1,200.0,0.0,4.368772109350494e-05,200.0,0.0,0.0,0
15,SO,1,632.5,0,base,2,400.0,-0.003211607877941183,-0.0005202057460943765,400.8,-0.003211607877941183,-0.0001481175420816967,1
15,SO,1,632.5,0,base,3,600.0,-0.003312634247039328,-0.0005420135955015726,600.8000000000001,-0.003312634247039328,-0.00015454366783849974,1
15,SO,1,632.5,0,post,1,1600.0,-0.0016623448420878411,-0.00028270358840623566,1600.8000000000002,-0.0016623448420878411,-8.10436903417159e-05,1
15,SO,1,632.5,0,post,2,1800.0,-0.00327605225404365,-0.0005338899791240692,1800.8000000000002,-0.00327605225404365,-0.0001521408555989739,1
15,SO,1,632.5,0,post,3,2000.0,-0.003314741352205644,-0.0005427437524000711,2000.8000000000002,-0.003314741352205644,-0.00015476718525610605,1
15,SO,1,632.5,0,post,4,2200.0,-0.003315424877548496,-0.0005429374674955911,2200.8,-0.003315424877548496,-0.00015482306461051313,1
16,SLM,1,894.4,0,base,1,200.0,-0.20523169630740004,-0.36617761850357056,204.4,-0.20523169630740004,-0.1864290237427019,2
16,SLM,1,894.4,0,base,2,400.0,-0.20476002001150148,-0.3648022810618081,404.40000000000003,-0.20476002001150148,-0.18596112728118225,2
16,SLM,1,894.4,0,base,3,600.0,-0.2047423149800362,-0.36472932497660304,604.4,-0.2047423149800362,-0.18594145774849313,2
16,SLM,1,894.4,0,post,1,1600.0,-0.20501785891694216,-0.3648424347241721,1604.4,-0.20501785891694216,-0.186173915863159,2
16,SLM,1,894.4,0,post,2,1800.0,-0.20475337793213316,-0.36471794048945094,1804.4,-0.20475337793213316,-0.1859456300737493,2
16,SLM,1,894.4,0,post,3,2000.0,-0.204741577394895,-0.36472439765930176,2004.4,-0.204741577394895,-0.18593966960923825,2
16,SLM,1,894.4,0,post,4,2200.0,-0.2047405298373148,-0.36472483476003026,2204.4,-0.2047405298373148,-0.18593966960914904,2
17,SR,1,721.1,0,base,1,200.0,-0.42975602274544134,-0.7817109227180481,204.4,-0.42975602274544134,-0.3868541121483391,2
17,SR,1,721.1,0,base,2,400.0,-0.4289556028386957,-0.7803254922231038,404.40000000000003,-0.4289556028386957,-0.3860631585121013,2
17,SR,1,721.1,0,base,3,600.0,-0.42892975746191264,-0.7802530725797017,604.4,-0.42892975746191264,-0.3860318660737748,2
17,SR,1,721.1,0,post,1,1600.0,-0.4295512446303655,-0.7804393470287323,1604.4,-0.4295512446303655,-0.38654118776346713,2
17,SR,1,721.1,0,post,2,1800.0,-0.428955808551836,-0.780229280392329,1804.4,-0.428955808551836,-0.386043190956535,2
17,SR,1,721.1,0,post,3,2000.0,-0.42892928633999183,-0.7802461286385853,2004.4,-0.42892928633999183,-0.3860297799113911,2
17,SR,1,721.1,0,post,4,2200.0,-0.4289275360946273,-0.7802475889523823,2204.4,-0.4289275360946273,-0.3860291838647577,2
18,SR,1,565.7,0,base,1,200.0,-0.8475998496121692,-2.089500973622004,205.20000000000002,-0.8475998496121692,-0.7670617997646435,4
18,SR,1,565.7,0,base,2,400.0,-0.8426785473522614,-2.094181537628174,405.20000000000005,-0.8426785473522614,-0.7660816609859131,4
18,SR,1,565.7,0,base,3,600.0,-0.8425475079881682,-2.094268669684728,605.2,-0.8425475079881682,-0.7660466730595482,4
18,SR,1,565.7,0,post,1,1600.0,-0.8444554950235191,-2.0931785305341086,1605.2,-0.8444554950235191,-0.7667937576767472,4
18,SR,1,565.7,0,post,2,1800.0,-0.8426013749475568,-2.094178115328153,1805.2,-0.8426013749475568,-0.7660583853718027,4
18,SR,1,565.7,0,post,3,2000.0,-0.8425438415424206,-2.094260593255361,2005.2,-0.8425438415424206,-0.7660438418386762,4
18,SR,1,565.7,0,post,4,2200.0,-0.8425417751869143,-2.0942654808362327,2205.2000000000003,-0.8425417751869143,-0.7660436332231735,4
19,SP,1,447.2,0,base,1,200.0,-3.5579190643429497,-4.6815365254879,203.60000000000002,-3.5579190643429497,-3.098878860474065,2
19,SP,1,447.2,0,base,2,400.0,-3.5614340423313227,-4.686983056366444,403.6,-3.5614340423313227,-3.1054753065108134,2
19,SP,1,447.2,0,base,3,600.0,-3.5615174212291247,-4.687233989437421,603.6,-3.5615174212291247,-3.105721473695185,2
19,SP,1,447.2,0,post,1,1600.0,-3.559051979474273,-4.682294299205144,1603.6000000000001,-3.559051979474273,-3.100106120111587,2
19,SP,1,447.2,0,post,2,1800.0,-3.561490527791746,-4.687037133922179,1803.6000000000001,-3.561490527791746,-3.1055301427874915,2
19,SP,1,447.2,0,post,3,2000.0,-3.5615283286046417,-4.687236919999123,2003.6000000000001,-3.5615283286046417,-3.105725646021796,2
19,SP,1,447.2,0,post,4,2200.0,-3.5615303996478387,-4.687246569742759,2203.6,-3.5615303996478387,-3.1057322025312297,2
20,SP,1,400.0,0,base,1,200.0,-0.001981022090754184,-0.0003429384281237874,200.8,-0.001981022090754184,-9.857118117408687e-05,1
20,SP,1,400.0,0,base,2,400.0,-0.014538448559948632,-0.002449036886294692,400.8,-0.014538448559948632,-0.0007011368861970858,1
20,SP,1,400.0,0,base,3,600.0,-0.015000018840587586,-0.0025317780673503876,600.8000000000001,-0.015000018840587586,-0.000725034623431795,1
20,SP,1,400.0,0,post,1,1600.0,-0.007519660755207628,-0.001268890996774047,1600.8000000000002,-0.007519660755207628,-0.00036336481525768647,1
20,SP,1,400.0,0,post,2,1800.0,-0.014760271700966648,-0.002491384744644165,1800.8000000000002,-0.014760271700966648,-0.0007134675970694291,1
20,SP,1,400.0,0,post,3,2000.0,-0.015008306738571129,-0.0025340008238951273,2000.8000000000002,-0.015008306738571129,-0.0007257051756845767,1
20,SP,1,400.0,0,post,4,2200.0,-0.015014282195933383,-0.002535216510295868,2200.8,-0.015014282195933383,-0.0007260590782624881,1
21,SO,1,447.2,0,base,1,200.0,-0.0015664321244537919,-0.0002750611553589549,200.8,-0.0015664321244537919,-7.922761132350312e-05,1
21,SO,1,447.2,0,base,2,400.0,-0.01680872305851605,-0.0027985634903113094,400.8,-0.01680872305851605,-0.0007998850186601284,1
21,SO,1,447.2,0,base,3,600.0,-0.01715691430748985,-0.002881380418936416,600.8000000000001,-0.01715691430748985,-0.0008245650668565296,1
21,SO,1,447.2,0,post,1,1600.0,-0.008701061782433012,-0.0014715896298487935,1600.8000000000002,-0.008701061782433012,-0.00042154453642117754,1
21,SO,1,447.2,0,post,2,1800.0,-0.016990577761523278,-0.002841709181666374,1800.8000000000002,-0.016990577761523278,-0.0008127372701735833,1
21,SO,1,447.2,0,post,3,2000.0,-0.017160378803853734,-0.002883241822322205,2000.8000000000002,-0.017160378803853734,-0.0008251518000776866,1
21,SO,1,447.2,0,post,4,2200.0,-0.017160547990424747,-0.0028841880460580144,2200.8,-0.017160547990424747,-0.0008254591365269255,1
22,SO,1,565.7,0,base,1,200.0,-0.0012921536959699493,-0.00022722283999125625,200.8,-0.0012921536959699493,-6.546266368789273e-05,1
22,SO,1,565.7,0,base,2,400.0,-0.008127803773430316,-0.0013235447307427817,400.8,-0.008127803773430316,-0.0003771297628933743,1
22,SO,1,565.7,0,base,3,600.0,-0.0083268707094071,-0.0013653362790743417,600.8000000000001,-0.0083268707094071,-0.00038940459441143494,1
22,SO,1,565.7,0,post,1,1600.0,-0.004537331756071371,-0.0007732013861338205,1600.8000000000002,-0.004537331756071371,-0.00022172927828724112,1
22,SO,1,565.7,0,post,2,1800.0,-0.008225826938010964,-0.001346385727326066,1800.8000000000002,-0.008225826938010964,-0.00038390979122801804,1
22,SO,1,565.7,0,post,3,2000.0,-0.008330446338313695,-0.0013666686912377768,2000.8000000000002,-0.008330446338313695,-0.0003898143763436981,1
22,SO,1,565.7,0,post,4,2200.0,-0.008329567953001394,-0.0013670437037944794,2200.8,-0.008329567953001394,-0.00038994476150398127,1
23,SO,1,721.1,0,base,1,200.0,-0.00018262772392375643,-3.5468178490795366e-05,200.8,-0.00018262772392375643,-1.0379590081114873e-05,1
23,SO,1,721.1,0,base,2,400.0,-0.0037347655189144922,-0.0006047791490952151,400.8,-0.0037347655189144922,-0.0001721922306054131,1
23,SO,1,721.1,0,base,3,600.0,-0.0038397729731483973,-0.0006255824118852615,600.8000000000001,-0.0038397729731483973,-0.000178264453784303,1
23,SO,1,721.1,0,post,1,1600.0,-0.0020869277190310475,-0.0003560039525230749,1600.8000000000002,-0.0020869277190310475,-0.00010210555034031283,1
23,SO,1,721.1,0,post,2,1800.0,-0.0037875118464124214,-0.0006164514149228709,1800.8000000000002,-0.0037875118464124214,-0.0001756381241271455,1
23,SO,1,721.1,0,post,3,2000.0,-0.0038419405201311203,-0.0006262855604290962,2000.8000000000002,-0.0038419405201311203,-0.0001784786579761714,1
23,SO,1,721.1,0,post,4,2200.0,-0.003841728918070518,-0.0006264861052234991,2200.8,-0.003841728918070518,-0.000178543850556313,1
